Language,Accuracy
En_gsm8k,0.23805913570887036
Average,0.23805913570887036
